{
  "shuffle": true,
  "subset": null,
  "min_freq": 75,
  "lower": true,
  "stem": false,
  "analyzer": "char_wb",
  "ngram_max_range": 9,
  "alpha": 0.0001,
  "learning_rate": 0.28875816092473794,
  "power_t": 0.10241242653866063,
  "num_epochs": 100,
  "threshold": 0.6922765999353045
}